{"cameraMode":{"drawMode":0,"name":"Shaded","section":"Shading Mode"},"sceneLighting":true,"audioPlay":false,"sceneViewState":{"showFog":true,"showMaterialUpdate":true,"showSkybox":true,"showFlares":true,"showImageEffects":true,"showParticleSystems":true},"in2DMode":false,"pivot":{"x":-4.832675933837891,"y":-13.454750061035157,"z":-6.216453552246094},"rotation":{"x":0.2828364670276642,"y":0.5423330664634705,"z":-0.20042981207370759,"w":0.7653173804283142},"size":69.0115737915039,"orthographic":false}