{"cameraMode":{"drawMode":0,"name":"Shaded","section":"Shading Mode"},"sceneLighting":true,"audioPlay":false,"sceneViewState":{"showFog":true,"showMaterialUpdate":true,"showSkybox":true,"showFlares":true,"showImageEffects":true,"showParticleSystems":true},"in2DMode":false,"pivot":{"x":-45.19062805175781,"y":55.42934799194336,"z":-38.80232238769531},"rotation":{"x":0.40100109577178957,"y":0.41300511360168459,"z":-0.20955108106136323,"w":0.7904230356216431},"size":7.7150421142578129,"orthographic":false}