{"cameraMode":{"drawMode":0,"name":"Shaded","section":"Shading Mode"},"sceneLighting":false,"audioPlay":false,"sceneViewState":{"showFog":false,"showMaterialUpdate":false,"showSkybox":false,"showFlares":false,"showImageEffects":false,"showParticleSystems":false},"in2DMode":false,"pivot":{"x":5.251600742340088,"y":0.7492531538009644,"z":-0.10019040107727051},"rotation":{"x":-0.05855550244450569,"y":0.8401964902877808,"z":-0.09263420104980469,"w":-0.5310998558998108},"size":13.63413143157959,"orthographic":false}