{"cameraMode":{"drawMode":0,"name":"Shaded","section":"Shading Mode"},"sceneLighting":true,"audioPlay":false,"sceneViewState":{"showFog":true,"showMaterialUpdate":true,"showSkybox":true,"showFlares":true,"showImageEffects":true,"showParticleSystems":true},"in2DMode":false,"pivot":{"x":8.683716773986817,"y":8.181300163269043,"z":-41.572166442871097},"rotation":{"x":0.147080197930336,"y":0.6786150932312012,"z":-0.14144642651081086,"w":0.7055866718292236},"size":4.041658401489258,"orthographic":false}