{"cameraMode":{"drawMode":0,"name":"Shaded","section":"Shading Mode"},"sceneLighting":true,"audioPlay":false,"sceneViewState":{"showFog":true,"showMaterialUpdate":true,"showSkybox":true,"showFlares":true,"showImageEffects":true,"showParticleSystems":true},"in2DMode":false,"pivot":{"x":-0.08071517944335938,"y":0.7194385528564453,"z":12.905841827392579},"rotation":{"x":0.16651810705661775,"y":0.6149417757987976,"z":-0.13493290543556214,"w":0.7588910460472107},"size":47.7702751159668,"orthographic":false}