{"cameraMode":{"drawMode":0,"name":"Shaded","section":"Shading Mode"},"sceneLighting":true,"audioPlay":false,"sceneViewState":{"showFog":true,"showMaterialUpdate":true,"showSkybox":true,"showFlares":true,"showImageEffects":true,"showParticleSystems":true},"in2DMode":false,"pivot":{"x":15.770429611206055,"y":-11.16075611114502,"z":-6.21992301940918},"rotation":{"x":0.25814366340637209,"y":0.7100483775138855,"z":-0.3209286630153656,"w":0.5711394548416138},"size":74.84857177734375,"orthographic":false}