{"cameraMode":{"drawMode":0,"name":"Shaded","section":"Shading Mode"},"sceneLighting":true,"audioPlay":false,"sceneViewState":{"showFog":true,"showMaterialUpdate":true,"showSkybox":true,"showFlares":true,"showImageEffects":true,"showParticleSystems":true},"in2DMode":false,"pivot":{"x":-37.291168212890628,"y":17.082151412963868,"z":-10.994842529296875},"rotation":{"x":0.12288901954889298,"y":0.4633421301841736,"z":-0.06505880504846573,"w":0.8752039074897766},"size":33.14214324951172,"orthographic":false}