{"cameraMode":{"drawMode":0,"name":"Shaded","section":"Shading Mode"},"sceneLighting":true,"audioPlay":false,"sceneViewState":{"showFog":true,"showMaterialUpdate":true,"showSkybox":true,"showFlares":true,"showImageEffects":true,"showParticleSystems":true},"in2DMode":false,"pivot":{"x":9.998516082763672,"y":3.62282657623291,"z":5.63621187210083},"rotation":{"x":0.16651810705661775,"y":0.6149417757987976,"z":-0.13493290543556214,"w":0.7588910460472107},"size":42.48190689086914,"orthographic":false}