{"cameraMode":{"drawMode":0,"name":"Shaded","section":"Shading Mode"},"sceneLighting":true,"audioPlay":false,"sceneViewState":{"showFog":true,"showMaterialUpdate":true,"showSkybox":true,"showFlares":true,"showImageEffects":true,"showParticleSystems":true},"in2DMode":false,"pivot":{"x":201.8949432373047,"y":4.6463446617126469,"z":677.3380126953125},"rotation":{"x":-0.044848766177892688,"y":0.9463474750518799,"z":-0.16132749617099763,"w":-0.2811020016670227},"size":17.85249137878418,"orthographic":false}