{"cameraMode":{"drawMode":0,"name":"Shaded","section":"Shading Mode"},"sceneLighting":true,"audioPlay":false,"sceneViewState":{"showFog":true,"showMaterialUpdate":true,"showSkybox":true,"showFlares":true,"showImageEffects":true,"showParticleSystems":true},"in2DMode":false,"pivot":{"x":54.254730224609378,"y":-9.77474594116211,"z":-35.46888732910156},"rotation":{"x":0.21597091853618623,"y":0.4170912504196167,"z":-0.10273318737745285,"w":0.8768377900123596},"size":126.2242431640625,"orthographic":false}