{"cameraMode":{"drawMode":0,"name":"Shaded","section":"Shading Mode"},"sceneLighting":true,"audioPlay":false,"sceneViewState":{"showFog":true,"showMaterialUpdate":true,"showSkybox":true,"showFlares":true,"showImageEffects":true,"showParticleSystems":true},"in2DMode":false,"pivot":{"x":-6.3268890380859379,"y":-19.912513732910158,"z":-35.533531188964847},"rotation":{"x":0.04093185439705849,"y":-0.9534178972244263,"z":0.25771719217300417,"w":0.15142527222633363},"size":48.488136291503909,"orthographic":false}