{"cameraMode":{"drawMode":0,"name":"Shaded","section":"Shading Mode"},"sceneLighting":false,"audioPlay":false,"sceneViewState":{"showFog":false,"showMaterialUpdate":false,"showSkybox":false,"showFlares":false,"showImageEffects":false,"showParticleSystems":false},"in2DMode":false,"pivot":{"x":0.06215939670801163,"y":16.459638595581056,"z":-6.8319830894470219},"rotation":{"x":-0.15797357261180879,"y":0.840716540813446,"z":-0.33970126509666445,"w":-0.390982985496521},"size":3.8951618671417238,"orthographic":false}