{"cameraMode":{"drawMode":0,"name":"Shaded","section":"Shading Mode"},"sceneLighting":false,"audioPlay":false,"sceneViewState":{"showFog":false,"showMaterialUpdate":false,"showSkybox":false,"showFlares":false,"showImageEffects":false,"showParticleSystems":false},"in2DMode":false,"pivot":{"x":7.937037944793701,"y":1.1293689012527466,"z":1.328326940536499},"rotation":{"x":0.14453627169132234,"y":-0.07798369228839874,"z":0.011427453719079495,"w":0.9863565564155579},"size":3.8951618671417238,"orthographic":false}